Record,Role,Core_site,Lat,Lon,Span_start_kyr_BP,Span_end_kyr_BP,n,Median_gap_yr,Reported_SST_error_C,In_final_model,Source,DOI
Seki,SST predictor candidate,ODP 1017,34.5,-121.1,0.2,28.7,91,258,NA,y,"Seki, O., Ishiwatari, R., Matsumoto, K., 2002. Millennial climate oscillations in NE Pacific surface waters over the last 82 kyr: New evidence from alkenones. Geophysical Research Letters 29, 2144.",10.1029/2002GL015200
Stott,SST predictor candidate,MD98-2176,-5,133.4,0.1,20.3,271,64,NA,y,"Stott, L., Cannariato, K., Thunell, R., Haug, G.H., Koutavas, A., Lund, S., 2004. Decline of surface temperature and salinity in the western tropical Pacific Ocean in the Holocene epoch. Nature 431, 56–59. Stott, L., Timmermann, A., Thunell, R., 2007. Southern Hemisphere and deep-sea warming led deglacial atmospheric CO2 rise and tropical warming. Science 318, 435–438.",10.1038/nature02903; 10.1126/science.1143791
Davis5,SST predictor candidate,XP98 PC-2,50.4,148.3,0.1,24.6,47,410,NA,y,"Seki, O., Kawamura, K., Ikehara, M., Nakatsuka, T., Oba, T., 2004. Variation of alkenone sea surface temperature in the Sea of Okhotsk over the last 85 kyrs. Organic Geochemistry 35, 347–354. Data accessed via: Davis, C.V., Myhre, S.E., Deutsch, C., Caissie, B., Praetorius, S., Borreggine, M., Thunell, R., 2020. Sea surface temperature across the Subarctic North Pacific and marginal seas through the past 20,000 years: A paleoceanographic synthesis. Quaternary Science Reviews 246, 106519.",10.1016/j.orggeochem.2003.10.011; 10.1016/j.quascirev.2020.106519
Davis3,SST predictor candidate,MD01-2412,44.5,145,0.3,24.1,190,92,NA,n,"Harada, N., Ahagon, N., Sakamoto, T., Uchida, M., Ikehara, M., Shibata, Y., 2006. Rapid fluctuation of alkenone temperature in the southwestern Okhotsk Sea during the past 120 ky. Global and Planetary Change 53, 29–46. Harada, N., Sato, M., Sakamoto, T., 2008. Freshwater impacts recorded in tetraunsaturated alkenones and alkenone sea surface temperatures from the Okhotsk Sea across millennial-scale cycles. Paleoceanography 23, PA3201. Data accessed via: Davis, C.V., Myhre, S.E., Deutsch, C., Caissie, B., Praetorius, S., Borreggine, M., Thunell, R., 2020. Sea surface temperature across the Subarctic North Pacific and marginal seas through the past 20,000 years: A paleoceanographic synthesis. Quaternary Science Reviews 246, 106519.",10.1016/j.gloplacha.2006.01.010; 10.1029/2006PA001410; 10.1016/j.quascirev.2020.106519
Pahnke,SST predictor candidate,KN176-2 JPC32,4.7,-78,0,27.1,78,370,NA,y,"Pahnke, K., Sachs, J.P., Keigwin, L., Timmermann, A., Xie, S.-P., 2007. Eastern tropical Pacific hydrologic changes during the past 27,000 years from D/H ratios in alkenones. Paleoceanography 22, PA4214.",10.1029/2007PA001468
Davis6,SST predictor candidate,Core 936,51,148.3,0,26.3,54,538,NA,n,"Gorbarenko, S.A., Southon, J.R., Keigwin, L.D., Cherepanova, M.V., Gvozdeva, I.G., 2004. Late Pleistocene-Holocene oceanographic variability in the Okhotsk Sea: geochemical, lithological and paleontological evidence. Palaeogeography, Palaeoclimatology, Palaeoecology 209, 281–301. Data accessed via: Davis, C.V., Myhre, S.E., Deutsch, C., Caissie, B., Praetorius, S., Borreggine, M., Thunell, R., 2020. Sea surface temperature across the Subarctic North Pacific and marginal seas through the past 20,000 years: A paleoceanographic synthesis. Quaternary Science Reviews 246, 106519.",10.1016/j.palaeo.2004.02.013; 10.1016/j.quascirev.2020.106519
Davis8,SST predictor candidate,MR06-04-PC04,44.5,145,0,14.9,548,20,0.2,n,"Harada, N., Sato, M., Seki, O., Timmermann, A., Moossen, H., Bendle, J., Nakamura, Y., Kimoto, K., Okazaki, Y., Nagashima, K., Gorbarenko, S.A., Ijiri, A., Nakatsuka, T., Menviel, L., Chikamoto, M.O., Abe-Ouchi, A., Schouten, S., 2012. Sea surface temperature changes in the Okhotsk Sea and adjacent North Pacific during the last glacial maximum and deglaciation. Deep-Sea Research Part II 61–64, 93–105. Data accessed via: Davis, C.V., Myhre, S.E., Deutsch, C., Caissie, B., Praetorius, S., Borreggine, M., Thunell, R., 2020. Sea surface temperature across the Subarctic North Pacific and marginal seas through the past 20,000 years: A paleoceanographic synthesis. Quaternary Science Reviews 246, 106519.",10.1016/j.dsr2.2011.12.007; 10.1016/j.quascirev.2020.106519
Davis2,SST predictor candidate,JT96-09,48.9,-126.9,0.2,15.4,76,99,NA,n,"Kienast, S.S., McKay, J.L., 2001. Sea surface temperatures in the subarctic Northeast Pacific reflect millennial-scale climate oscillations during the last 16 kyrs. Geophysical Research Letters 28, 1563–1566. Data accessed via: Davis, C.V., Myhre, S.E., Deutsch, C., Caissie, B., Praetorius, S., Borreggine, M., Thunell, R., 2020. Sea surface temperature across the Subarctic North Pacific and marginal seas through the past 20,000 years: A paleoceanographic synthesis. Quaternary Science Reviews 246, 106519.",10.1029/2000GL012543; 10.1016/j.quascirev.2020.106519
Isono,SST predictor candidate,MD01-2421,36,141.8,0,16,209,70,NA,n,"Isono, D., Yamamoto, M., Irino, T., Oba, T., Murayama, M., Nakamura, T., Kawahata, H., 2009. The 1500-year climate oscillation in the midlatitude North Pacific during the Holocene. Geology 37, 591–594.",10.1130/G25667A.1
Barron,SST predictor candidate,ODP 1019C,41.7,-124.9,0.2,14.9,116,120,NA,n,"Barron, J.A., Heusser, L., Herbert, T., Lyle, M., 2003. High-resolution climatic evolution of coastal northern California during the past 16,000 years. Paleoceanography 18, 1020.",10.1029/2002PA000768
Davis4,SST predictor candidate,V34-98,50.1,153.2,0,14.9,31,477,NA,n,"Gorbarenko, S., Khusid, T., Basov, I., Oba, T., Southon, J., Koizumi, I., 2002. Glacial Holocene environment of the southeastern Okhotsk Sea: evidence from geochemical and palaeontological data. Palaeogeography, Palaeoclimatology, Palaeoecology 177, 237–263. Data accessed via: Davis, C.V., Myhre, S.E., Deutsch, C., Caissie, B., Praetorius, S., Borreggine, M., Thunell, R., 2020. Sea surface temperature across the Subarctic North Pacific and marginal seas through the past 20,000 years: A paleoceanographic synthesis. Quaternary Science Reviews 246, 106519.",10.1016/S0031-0182(01)00335-2; 10.1016/j.quascirev.2020.106519
Yamamoto,SST predictor candidate,ODP 1014A,32.8,-118.9,0.9,29.1,20,1427,NA,n,"Yamamoto, M., Yamamuro, M., Tanaka, Y., 2007. The California Current system during the last 136,000 years: response of the North Pacific High to precessional forcing. Quaternary Science Reviews 26, 405–414.",10.1016/j.quascirev.2006.07.014
Adams,Annual lake elevation calibration data,NA,NA,NA,NA,NA,NA,NA,NA,y,"Adams, K.D., Negrini, R.M., Cook, E.R., Rajagopal, S., 2015. Annually resolved late Holocene paleohydrology of the southern Sierra Nevada and Tulare Lake, California. Water Resources Research 51, 9708–9724.",10.1002/2015WR017850
PDO,Annual PDO reconstruction,NA,NA,NA,NA,NA,NA,NA,NA,n,"MacDonald, G.M., Case, R.A., 2005. Variations in the Pacific Decadal Oscillation over the past millennium. Geophysical Research Letters 32, L08703.",10.1029/2005GL022478
ENSO,Annual ENSO reconstruction,NA,NA,NA,NA,NA,NA,NA,NA,n,"Li, J., Xie, S.-P., Cook, E.R., Huang, G., D'Arrigo, R., Liu, F., Ma, J., Zheng, X.-T., 2011. Interdecadal modulation of El Niño amplitude during the past millennium. Nature Climate Change 1, 114–118.",10.1038/nclimate1086
Negrini,Holocene lake-level reconstruction,NA,NA,NA,NA,NA,NA,NA,NA,n,"Negrini, R.M., Wigand, P.E., Draucker, S., Gobalet, K., Gardner, J.K., Sutton, M.Q., Yohe, R.M. II, 2006. The Rambla highstand shoreline and the Holocene lake-level history of Tulare Lake, California, USA. Quaternary Science Reviews 25, 1599–1618.",10.1016/j.quascirev.2005.11.014
