obs,ybp,elev,trench_line
c14,147,62.8,shoreline
c14,768,62.6,shoreline
mudcracks,6303,61.1,shoreline
c14,6924,60.9,shoreline
organic marsh,6924,60.9,shoreline
c14,8073,60.6,shoreline
beach sands,9610,60.2,shoreline
silt clay,2383,57.3,lake plain
c14,2818,57.2,lake plain
organic marsh,2818,57.2,lake plain
silt clay,3299,57.1,lake plain
silt clay,5022,56.6,lake plain
mudcracks,5542,56.5,lake plain
c14,2065,53.9,depocenter
algae,2942,53.6,depocenter
algae,3206,53.6,depocenter
algae,4417,53.3,depocenter
pollen,4650,53.2,depocenter
c14,7638,52.5,depocenter
algae,8655,52.2,depocenter
pollen,9752,52,depocenter
algae,10076,51.9,depocenter
c14,10208,51.9,depocenter
c14,10728,51.8,depocenter
pollen,11753,51.8,depocenter
c14,11807,51.7,depocenter
